{
  "type": "renaming",
  "settings": {
    "renaming": {
      "formatted_birth_date_mrz" : "birth_date_mrz",
      "formatted_expiry_date_mrz" : "expiry_date_mrz",
      "formatted_issue_date_mrz" : "issue_date_mrz",
      "formatted_authority_code_mrz" : "authority_code_mrz",
      "formatted_number_mrz" : "number_mrz",
      "formatted_first_name_mrz" : "first_name_mrz",
      "formatted_id_number_mrz" : "id_number_mrz",
      "formatted_id_visa_mrz" : "id_visa_mrz",
      "formatted_invitation_number_mrz" : "invitation_number_mrz", 
      "formatted_issuer_mrz" : "issuer_mrz",
      "formatted_nationality_mrz" : "nationality_mrz",
      "formatted_opt_data_1_mrz" : "opt_data_1_mrz",
      "formatted_opt_data_2_mrz" : "opt_data_2_mrz", 
      "formatted_proprietor_mrz" : "proprietor_mrz",
      "formatted_last_name_mrz" : "last_name_mrz",
      "formatted_name_mrz" : "name_mrz",
      "formatted_vehicle_number_mrz" : "vehicle_number_mrz"
    }
  }
}