{
  "common_options": {}, 
  "documents": ["docs/mrz/mrz_mobile.json"], 
  "engines": {
    "smartid": {
      "doctypes": [
        "mrz.mrp",
        "mrz.td1",
        "mrz.td2",
        "mrz.mrva",
        "mrz.mrvb",
        "mrz.rus.visa",
        "mrz.fra.id",
        "mrz.rus.passport",
        "mrz.che.drvlic",
        "mrz.bgr.vrd"
      ], 
      "options": {
        "extractFieldImages": "false", 
        "extractPhoto": "false", 
        "extractTemplateImages": "false"
      }, 
      "path": "mrz_mobile.json", 
      "type": "smartid_engine"
    }
  }, 
  "features_extractor": ":/mrz-data/mrz_ffe_config_mobile.json", 
  "tplfinder": ":/mrz-data/mrz_tplfinder_config_mobile.json",
  "type": "smartid_bundle"
}
